timeStamp,elapsed,label,responseCode,responseMessage,threadName,dataType,success,failureMessage,bytes,sentBytes,grpThreads,allThreads,Latency,IdleTime,Connect
1511210465221,356,Visit login page,200,OK,Grupa wątków 1-1,text,true,,26800,234,3,3,54,0,27
1511210465399,356,Visit login page,200,OK,Grupa wątków 1-2,text,true,,26800,234,4,4,55,0,26
1511210465556,346,Visit login page,200,OK,Grupa wątków 1-3,text,true,,26800,234,4,4,51,0,26
1511210465743,324,Visit login page,200,OK,Grupa wątków 1-4,text,true,,26800,234,5,5,53,0,25
1511210465915,360,Visit login page,200,OK,Grupa wątków 1-5,text,true,,26800,234,7,7,47,0,22
1511210465578,774,Login,200,OK,Grupa wątków 1-1,text,true,SMOKE_TEST_PASSED,26590,920,7,7,414,0,147
1511210466102,338,Visit login page,200,OK,Grupa wątków 1-6,text,true,,26800,234,7,7,54,0,28
1511210466353,199,HTTP Request Mailbox,200,OK,Grupa wątków 1-1,text,true,number found,26662,1124,8,8,41,0,0
1511210466274,467,Visit login page,200,OK,Grupa wątków 1-7,text,true,,26800,234,9,9,55,0,28
1511210465903,868,Login,200,OK,Grupa wątków 1-3,text,true,SMOKE_TEST_PASSED,26590,920,9,9,462,0,145
1511210466068,801,Login,200,OK,Grupa wątków 1-4,text,true,SMOKE_TEST_PASSED,26590,920,10,10,369,0,151
1511210466442,440,Visit login page,200,OK,Grupa wątków 1-8,text,true,,26800,234,10,10,72,0,27
1511210466554,370,Logout,200,OK,Grupa wątków 1-1,text,true,,11526,1099,10,10,290,0,155
1511210465757,1167,Login,200,OK,Grupa wątków 1-2,text,true,SMOKE_TEST_PASSED,26590,920,10,10,402,0,154
1511210466602,415,Visit login page,200,OK,Grupa wątków 1-9,text,true,,26800,234,10,10,58,0,28
1511210466872,276,HTTP Request Mailbox,200,OK,Grupa wątków 1-4,text,true,number not found,26662,1124,11,11,33,0,0
1511210466441,763,Login,200,OK,Grupa wątków 1-6,text,true,SMOKE_TEST_PASSED,26590,920,11,11,344,0,146
1511210466773,478,HTTP Request Mailbox,200,OK,Grupa wątków 1-3,text,true,number found,26662,1124,11,11,42,0,0
1511210466276,1005,Login,200,OK,Grupa wątków 1-5,text,true,SMOKE_TEST_PASSED,26590,920,11,11,422,0,163
1511210466927,373,HTTP Request Mailbox,200,OK,Grupa wątków 1-2,text,true,number not found,26662,1124,11,11,125,0,0
1511210466777,580,Visit login page,200,OK,Grupa wątków 1-10,text,true,,26800,234,12,12,69,0,37
1511210467207,205,HTTP Request Mailbox,200,OK,Grupa wątków 1-6,text,true,number found,26662,1124,12,12,38,0,0
1511210467283,213,HTTP Request Mailbox,200,OK,Grupa wątków 1-5,text,true,number found,26662,1124,13,13,42,0,0
1511210467150,381,Logout,200,OK,Grupa wątków 1-4,text,true,,11526,1099,13,13,301,0,176
1511210466953,649,Visit login page,200,OK,Grupa wątków 1-11,text,true,,26800,234,12,12,208,0,100
1511210467128,497,Visit login page,200,OK,Grupa wątków 1-12,text,true,,26800,234,12,12,93,0,50
1511210466742,905,Login,200,OK,Grupa wątków 1-7,text,true,SMOKE_TEST_PASSED,26590,920,13,13,442,0,166
1511210467252,436,Logout,200,OK,Grupa wątków 1-3,text,true,,11526,1099,13,13,308,0,165
1511210467302,409,Logout,200,OK,Grupa wątków 1-2,text,true,,11526,1099,12,12,273,0,163
1511210467315,422,Visit login page,200,OK,Grupa wątków 1-13,text,true,,26800,234,11,11,57,0,31
1511210466883,881,Login,200,OK,Grupa wątków 1-8,text,true,SMOKE_TEST_PASSED,26590,920,11,11,525,0,326
1511210467413,393,Logout,200,OK,Grupa wątków 1-6,text,true,,11526,1099,11,11,313,0,185
1511210467498,361,Logout,200,OK,Grupa wątków 1-5,text,true,,11526,1099,11,11,302,0,215
1511210467649,332,HTTP Request Mailbox,200,OK,Grupa wątków 1-7,text,true,number found,26662,1124,10,10,36,0,0
1511210467019,973,Login,200,OK,Grupa wątków 1-9,text,true,SMOKE_TEST_PASSED,26590,920,10,10,537,0,307
1511210467471,535,Visit login page,200,OK,Grupa wątków 1-14,text,true,,26800,234,11,11,90,0,36
1511210467767,245,HTTP Request Mailbox,200,OK,Grupa wątków 1-8,text,true,number found,26662,1124,11,11,30,0,0
1511210467358,755,Login,200,OK,Grupa wątków 1-10,text,true,SMOKE_TEST_PASSED,26590,920,11,11,385,0,180
1511210467644,542,Visit login page,200,OK,Grupa wątków 1-15,text,true,,26800,234,12,12,76,0,36
1511210467994,218,HTTP Request Mailbox,200,OK,Grupa wątków 1-9,text,true,number found,26662,1124,12,12,28,0,0
1511210467815,447,Visit login page,200,OK,Grupa wątków 1-16,text,true,,26800,234,12,12,85,0,29
1511210468115,183,HTTP Request Mailbox,200,OK,Grupa wątków 1-10,text,true,number not found,26662,1124,12,12,25,0,0
1511210467983,356,Logout,200,OK,Grupa wątków 1-7,text,true,,11526,1099,13,13,292,0,169
1511210468014,398,Logout,200,OK,Grupa wątków 1-8,text,true,,11526,1099,12,12,313,0,165
1511210468003,422,Visit login page,200,OK,Grupa wątków 1-17,text,true,,26800,234,11,11,59,0,22
1511210467626,817,Login,200,OK,Grupa wątków 1-12,text,true,SMOKE_TEST_PASSED,26590,920,11,11,393,0,190
1511210467738,819,Login,200,OK,Grupa wątków 1-13,text,true,SMOKE_TEST_PASSED,26590,920,12,12,424,0,194
1511210468159,400,Visit login page,200,OK,Grupa wątków 1-18,text,true,,26800,234,12,12,58,0,29
1511210468214,416,Logout,200,OK,Grupa wątków 1-9,text,true,,11526,1099,12,12,322,0,192
1511210468445,194,HTTP Request Mailbox,200,OK,Grupa wątków 1-12,text,true,number not found,26662,1124,11,11,25,0,0
1511210468300,413,Logout,200,OK,Grupa wątków 1-10,text,true,,11526,1099,12,12,344,0,199
1511210468560,188,HTTP Request Mailbox,200,OK,Grupa wątków 1-13,text,true,number found,26662,1124,11,11,30,0,0
1511210468331,473,Visit login page,200,OK,Grupa wątków 1-19,text,true,,26800,234,11,11,75,0,30
1511210468007,808,Login,200,OK,Grupa wątków 1-14,text,true,SMOKE_TEST_PASSED,26590,920,11,11,446,0,159
1511210468502,431,Visit login page,200,OK,Grupa wątków 1-20,text,true,,26800,234,12,12,62,0,28
1511210468188,931,Login,200,OK,Grupa wątków 1-15,text,true,SMOKE_TEST_PASSED,26590,920,13,13,410,0,161
1511210468641,481,Logout,200,OK,Grupa wątków 1-12,text,true,,11526,1099,13,13,295,0,174
1511210468750,434,Logout,200,OK,Grupa wątków 1-13,text,true,,11526,1099,12,12,361,0,183
1511210468263,953,Login,200,OK,Grupa wątków 1-16,text,true,SMOKE_TEST_PASSED,26590,920,12,12,392,0,177
1511210468817,429,HTTP Request Mailbox,200,OK,Grupa wątków 1-14,text,true,number found,26662,1124,12,12,37,0,0
1511210468678,603,Visit login page,200,OK,Grupa wątków 1-21,text,true,,26800,234,12,12,64,0,35
1511210468426,912,Login,200,OK,Grupa wątków 1-17,text,true,SMOKE_TEST_PASSED,26590,920,12,12,470,0,166
1511210468853,565,Visit login page,200,OK,Grupa wątków 1-22,text,true,,26800,234,13,13,63,0,38
1511210469123,304,HTTP Request Mailbox,200,OK,Grupa wątków 1-15,text,true,number not found,26662,1124,13,13,43,0,0
1511210469219,240,HTTP Request Mailbox,200,OK,Grupa wątków 1-16,text,true,number found,26662,1124,13,13,50,0,0
1511210469341,237,HTTP Request Mailbox,200,OK,Grupa wątków 1-17,text,true,number not found,26662,1124,13,13,44,0,0
1511210469014,622,Visit login page,200,OK,Grupa wątków 1-23,text,true,,26800,234,13,13,155,0,108
1511210468808,880,Login,200,OK,Grupa wątków 1-19,text,true,SMOKE_TEST_PASSED,26590,920,13,13,473,0,156
1511210469247,450,Logout,200,OK,Grupa wątków 1-14,text,true,,11526,1099,13,13,317,0,191
1511210469190,521,Visit login page,200,OK,Grupa wątków 1-24,text,true,,26800,234,12,12,84,0,37
1511210469429,383,Logout,200,OK,Grupa wątków 1-15,text,true,,11526,1099,12,12,282,0,157
1511210469382,433,HTTP Request Mailbox,200,OK,Grupa wątków 1-11,text,true,number found,26662,1002,11,11,76,0,42
1511210468934,898,Login,200,OK,Grupa wątków 1-20,text,true,SMOKE_TEST_PASSED,26590,920,11,11,470,0,238
1511210469367,480,Visit login page,200,OK,Grupa wątków 1-25,text,true,,26800,234,11,11,74,0,46
1511210469461,412,Logout,200,OK,Grupa wątków 1-16,text,true,,11526,1099,11,11,315,0,193
1511210469692,202,HTTP Request Mailbox,200,OK,Grupa wątków 1-19,text,true,number not found,26662,1124,10,10,33,0,0
1511210469581,414,Logout,200,OK,Grupa wątków 1-17,text,true,,11526,1099,10,10,355,0,215
1511210469283,741,Login,200,OK,Grupa wątków 1-21,text,true,SMOKE_TEST_PASSED,26590,920,9,9,418,0,192
1511210469834,240,HTTP Request Mailbox,200,OK,Grupa wątków 1-20,text,true,number found,26662,1124,9,9,36,0,0
1511210469419,706,Login,200,OK,Grupa wątków 1-22,text,true,SMOKE_TEST_PASSED,26590,920,9,9,408,0,159
1511210469818,347,Logout,200,OK,Grupa wątków 1-11,text,true,,11526,977,9,9,293,0,173
1511210470027,202,HTTP Request Mailbox,200,OK,Grupa wątków 1-21,text,true,number not found,26662,1124,8,8,29,0,0
1511210469896,363,Logout,200,OK,Grupa wątków 1-19,text,true,,11526,1099,8,8,296,0,157
1511210470127,204,HTTP Request Mailbox,200,OK,Grupa wątków 1-22,text,true,number found,26662,1124,7,7,32,0,0
1511210469637,761,Login,200,OK,Grupa wątków 1-23,text,true,SMOKE_TEST_PASSED,26590,920,7,7,412,0,205
1511210470076,346,Logout,200,OK,Grupa wątków 1-20,text,true,,11526,1099,7,7,257,0,166
1511210469712,744,Login,200,OK,Grupa wątków 1-24,text,true,SMOKE_TEST_PASSED,26590,920,6,6,396,0,185
1511210470230,312,Logout,200,OK,Grupa wątków 1-21,text,true,,11526,1099,6,6,253,0,159
1511210470400,212,HTTP Request Mailbox,200,OK,Grupa wątków 1-23,text,true,number found,26662,1124,5,5,27,0,0
1511210469848,781,Login,200,OK,Grupa wątków 1-25,text,true,SMOKE_TEST_PASSED,26590,920,5,5,371,0,151
1511210470246,431,HTTP Request Mailbox,200,OK,Grupa wątków 1-18,text,true,number not found,26662,1002,5,5,56,0,26
1511210470332,346,Logout,200,OK,Grupa wątków 1-22,text,true,,11526,1099,5,5,262,0,159
1511210470458,245,HTTP Request Mailbox,200,OK,Grupa wątków 1-24,text,true,number not found,26662,1124,4,4,26,0,0
1511210470631,165,HTTP Request Mailbox,200,OK,Grupa wątków 1-25,text,true,number found,26662,1124,4,4,34,0,0
1511210470613,338,Logout,200,OK,Grupa wątków 1-23,text,true,,11526,1099,4,4,285,0,179
1511210470679,324,Logout,200,OK,Grupa wątków 1-18,text,true,,11526,977,3,3,270,0,174
1511210470704,343,Logout,200,OK,Grupa wątków 1-24,text,true,,11526,1099,2,2,274,0,165
1511210470797,289,Logout,200,OK,Grupa wątków 1-25,text,true,,11526,1099,1,1,237,0,150
